datasheet_id|line|name|M|T|Sv|inv_sv|inv_sv_descr|W|Ld|OC|base_size|base_size_descr|
AV01|1|Ashen Sentinel|6"|5|3+|||3|6+|2|32mm||
AV02|1|Ashen Warden|6"|5|3+|||2|6+|2|32mm||
AV03|1|Lord Ashen|6"|5|3+|4+||6|6+|2|32mm||
AV04|1|Ashen Captain|6"|5|3+|||5|6+|2|32mm||
AV05|1|Ashen Relic Walker|6"|5|3+|||8|6+|2|32mm||
AV06|1|Ashen Carrier|6"|5|3+|||10|6+|2|32mm||
AV07|1|Ashen Skirmisher|6"|5|3+|||2|6+|2|32mm||
AV08|1|Ashen Revenant|6"|5|3+|||3|6+|2|32mm||
EC01|1|Ember Paladin|6"|5|3+|5+||4|6+|2|32mm||
